{
  "$schema": "https://dev.office.com/json-schemas/spfx-build/package-solution.schema.json",
  "solution": {
    "name": "breadcrumb-client-side-solution",
    "id": "56db76cc-1476-48e9-ac9f-479b8a3059de",
    "version": "1.0.0.0",
    "includeClientSideAssets": true,
    "features": [
      {
        "title": "Application Extension - Deployment of custom action.",
        "description": "Deploys a custom action with ClientSideComponentId association",
        "id": "ff1f9e59-d2b7-49f4-b457-b39cd0950332",
        "version": "1.0.0.0",
        "assets": {
          "elementManifests": [
            "elements.xml"
          ]
        }
      }
    ]
  },
  "paths": {
    "zippedPackage": "solution/breadcrumb.sppkg"
  }
}
