{
  "$schema": "https://dev.office.com/json-schemas/core-build/serve.schema.json",
  "port": 4321,
  "https": true,
  "serveConfigurations": {
    "default": {
      "pageUrl": "https://stridelyo365.sharepoint.com/sites/CommunicationSite/CDN/Forms/AllItems.aspx",
      "customActions": {
        "071cbaef-2d2a-4f4a-bd74-cebfc9de7a8a": {
          "location": "ClientSideExtension.ApplicationCustomizer",
          "properties": {
            "testMessage": "Test message"
          }
        }
      }
    },
    "helloWorld": {
      "pageUrl": "https://stridelyo365.sharepoint.com/sites/CommunicationSite/CDN/Forms/AllItems.aspx",
      "customActions": {
        "071cbaef-2d2a-4f4a-bd74-cebfc9de7a8a": {
          "location": "ClientSideExtension.ApplicationCustomizer",
          "properties": {
            "testMessage": "Test message"
          }
        }
      }
    }
  }
}
