{"id":"071cbaef-2d2a-4f4a-bd74-cebfc9de7a8a","alias":"HelloWorldApplicationCustomizer","componentType":"Extension","extensionType":"ApplicationCustomizer","version":"0.0.1","manifestVersion":2,"requiresCustomScript":false,"loaderConfig":{"entryModuleId":"hello-world-application-customizer","internalModuleBaseUrls":["<!-- PATH TO CDN -->/"],"scriptResources":{"hello-world-application-customizer":{"type":"path","path":"hello-world-application-customizer_5a6d42c81de08568df8a307310403474.js"},"ControlStrings":{"defaultPath":"spfx-react-breadcrumb-master-controlstrings_en-us_34af16d50e27cf3238b136a4a720519f.js","type":"localizedPath","paths":{}},"react":{"type":"component","version":"15.6.2","id":"0d910c1c-13b9-4e1c-9aa4-b008c5e42d7d"},"react-dom":{"type":"component","version":"15.6.2","id":"aa0a46ec-1505-43cd-a44a-93f3a5aa460a"},"@microsoft/sp-core-library":{"type":"component","version":"1.4.1","id":"7263c7d0-1d6a-45ec-8d85-d4d1d234171b"},"@microsoft/decorators":{"type":"component","version":"1.4.1","id":"f97266fb-ccb7-430e-9384-4124d05295d3"},"@microsoft/sp-application-base":{"type":"component","version":"1.4.1","id":"4df9bb86-ab0a-4aab-ab5f-48bf167048fb"},"@microsoft/sp-http":{"type":"component","version":"1.4.1","id":"c07208f0-ea3b-4c1a-9965-ac1b825211a6"}}}}